Federal subject,City
Republic of Khakassia,Abakan
Republic of Khakassia,Abaza
Orenburg Oblast,Abdulino
Krasnodar Krai,Abinsk
Krasnoyarsk Krai,Achinsk
Republic of Adygea,Adygeysk
Republic of Bashkortostan,Agidel
Republic of Tatarstan,Agryz
Tuva Republic,Ak-Dovurak
Astrakhan Oblast,Akhtubinsk
Rostov Oblast,Aksay
Republic of North Ossetia–Alania,Alagir
Sverdlovsk Oblast,Alapayevsk
Chuvash Republic,Alatyr
Sakha Republic,Aldan
Tula Oblast,Aleksin
Vladimir Oblast,Alexandrov
Perm Krai,Alexandrovsk
Sakhalin Oblast,Alexandrovsk-Sakhalinsky
Belgorod Oblast,Alexeyevka
Altai Krai,Aleysk
Republic of Tatarstan,Almetyevsk
Republic of Crimea,Alupka
Irkutsk Oblast,Alzamay
Khabarovsk Krai,Amursk
Chukotka Autonomous Okrug,Anadyr
Krasnodar Krai,Anapa
Tver Oblast,Andreapol
Irkutsk Oblast,Angarsk
Sakhalin Oblast,Aniva
Kemerovo Oblast,Anzhero-Sudzhensk
Murmansk Oblast,Apatity
Moscow Oblast,Aprelevka
Krasnodar Krai,Apsheronsk
Sverdlovsk Oblast,Aramil
Republic of Mordovia,Ardatov
Republic of North Ossetia–Alania,Ardon
Chechen Republic,Argun
Saratov Oblast,Arkadak
Arkhangelsk Oblast,Arkhangelsk
Krasnodar Krai,Armavir
Republic of Crimea,Armiansk
Primorsky Krai,Arsenyev
Republic of Tatarstan[1],Arsk
Primorsky Krai,Artyom
Krasnoyarsk Krai,Artyomovsk
Sverdlovsk Oblast,Artyomovsky
Nizhny Novgorod Oblast,Arzamas
Sverdlovsk Oblast,Asbest
Chelyabinsk Oblast,Asha
Tomsk Oblast,Asino
Astrakhan Oblast,Astrakhan
Saratov Oblast,Atkarsk
Republic of Tatarstan,Aznakayevo
Rostov Oblast,Azov
Vologda Oblast,Babayevo
Republic of Buryatia,Babushkin
Kaliningrad Oblast,Bagrationovsk
Chelyabinsk Oblast,Bakal
Kabardino-Balkar Republic,Baksan
Kaluga Oblast,Balabanovo
Nizhny Novgorod Oblast,Balakhna
Saratov Oblast,Balakovo
Moscow Oblast,Balashikha
Saratov Oblast,Balashov
Zabaykalsky Krai,Baley
Kaliningrad Oblast,Baltiysk
Novosibirsk Oblast,Barabinsk
Altai Krai,Barnaul
Ulyanovsk Oblast,Barysh
Rostov Oblast,Bataysk
Republic of Tatarstan,Bavly
Irkutsk Oblast,Baykalsk
Republic of Bashkortostan,Baymak
Rostov Oblast,Belaya Kalitva
Kirov Oblast,Belaya Kholunitsa
Republic of Bashkortostan,Belebey
Belgorod Oblast,Belgorod
Penza Oblast,Belinsky
Amur Oblast,Belogorsk
Altai Krai,Belokurikha
Karelia,Belomorsk
Krasnodar Krai,Belorechensk
Republic of Bashkortostan,Beloretsk
Kaluga Oblast,Belousovo
Kemerovo Oblast,Belovo
Khanty-Mansi Autonomous Okrug,Beloyarsky
Vologda Oblast,Belozersk
Tver Oblast,Bely
Tula Oblast,Belyov
Novosibirsk Oblast,Berdsk
Perm Krai,Berezniki
Kemerovo Oblast,Berezovsky
Sverdlovsk Oblast,Berezovsky
Republic of North Ossetia–Alania,Beslan
Tver Oblast,Bezhetsk
Khabarovsk Krai,Bikin
Chukotka Autonomous Okrug,Bilibino
Jewish Autonomous Oblast,Birobidzhan
Republic of Bashkortostan,Birsk
Belgorod Oblast,Biryuch
Irkutsk Oblast,Biryusinsk
Altai Krai,Biysk
Stavropol Krai,Blagodarny
Amur Oblast,Blagoveshchensk
Republic of Bashkortostan,Blagoveshchensk
Voronezh Oblast,Bobrov
Irkutsk Oblast,Bodaybo
Sverdlovsk Oblast,Bogdanovich
Tula Oblast,Bogoroditsk
Nizhny Novgorod Oblast,Bogorodsk
Krasnoyarsk Krai,Bogotol
Voronezh Oblast,Boguchar
Leningrad Oblast,Boksitogorsk
Republic of Tatarstan,Bolgar
Oryol Oblast,Bolkhov
Tver Oblast,Bologoye
Tula Oblast,Bolokhovo
Novosibirsk Oblast,Bolotnoye
Primorsky Krai,Bolshoy Kamen
Nizhny Novgorod Oblast,Bor
Voronezh Oblast,Borisoglebsk
Krasnoyarsk Krai,Borodino
Novgorod Oblast,Borovichi
Kaluga Oblast,Borovsk
Zabaykalsky Krai,Borzya
Irkutsk Oblast,Bratsk
Moscow Oblast,Bronnitsy
Bryansk Oblast,Bryansk
Stavropol Krai,Budyonnovsk
Republic of Tatarstan,Bugulma
Orenburg Oblast,Buguruslan
Republic of Tatarstan,Buinsk
Voronezh Oblast,Buturlinovka
Kostroma Oblast,Buy
Dagestan,Buynaksk
Orenburg Oblast,Buzuluk
Tuva Republic,Chadan
Samara Oblast,Chapayevsk
Lipetsk Oblast,Chaplygin
Perm Krai,Chaykovsky
Chelyabinsk Oblast,Chebarkul
Chuvash Republic,Cheboksary
Kabardino-Balkar Republic,Chegem
Tula Oblast,Chekalin
Moscow Oblast,Chekhov
Chelyabinsk Oblast,Chelyabinsk
Perm Krai,Cherdyn
Irkutsk Oblast,Cheremkhovo
Novosibirsk Oblast,Cherepanovo
Vologda Oblast,Cherepovets
Karachay-Cherkessia,Cherkessk
Moscow Oblast,Chernogolovka
Republic of Khakassia,Chernogorsk
Perm Krai,Chernushka
Kaliningrad Oblast,Chernyakhovsk
Republic of Tatarstan,Chistopol
Zabaykalsky Krai,Chita
Nizhny Novgorod Oblast,Chkalovsk
Novgorod Oblast,Chudovo
Kostroma Oblast,Chukhloma
Novosibirsk Oblast,Chulym
Perm Krai,Chusovoy
Perm Krai,Chyormoz
Dagestan,Dagestanskiye Ogni
Kurgan Oblast,Dalmatovo
Primorsky Krai,Dalnegorsk
Primorsky Krai,Dalnerechensk
Yaroslavl Oblast,Danilov
Lipetsk Oblast,Dankov
Republic of Bashkortostan,Davlekanovo
Moscow Oblast,Dedovsk
Sverdlovsk Oblast,Degtyarsk
Smolensk Oblast,Demidov
Dagestan,Derbent
Smolensk Oblast,Desnogorsk
Republic of North Ossetia–Alania,Digora
Ulyanovsk Oblast,Dimitrovgrad
Krasnoyarsk Krai,Divnogorsk
Kursk Oblast,Dmitriyev
Moscow Oblast,Dmitrov
Oryol Oblast,Dmitrovsk
Pskov Oblast,Dno
Perm Krai,Dobryanka
Moscow Oblast,Dolgoprudny
Sakhalin Oblast,Dolinsk
Moscow Oblast,Domodedovo
Rostov Oblast,Donetsk
Tula Oblast,Donskoy
Smolensk Oblast,Dorogobuzh
Moscow Oblast,Drezna
Moscow Oblast,Dubna
Volgograd Oblast,Dubovka
Krasnoyarsk Krai,Dudinka
Smolensk Oblast,Dukhovshchina
Bryansk Oblast,Dyatkovo
Republic of Bashkortostan,Dyurtyuli
Nizhny Novgorod Oblast,Dzerzhinsk
Moscow Oblast,Dzerzhinsky
Moscow Oblast,Elektrogorsk
Moscow Oblast,Elektrostal
Moscow Oblast,Elektrougli
Kalmykia,Elista
Saratov Oblast,Engels
Voronezh Oblast,Ertil
Kursk Oblast,Fatezh
Bryansk Oblast,Fokino
Primorsky Krai,Fokino
Volgograd Oblast,Frolovo
Moscow Oblast,Fryazino
Ivanovo Oblast,Furmanov
Murmansk Oblast,Gadzhiyevo
Smolensk Oblast,Gagarin
Kostroma Oblast,Galich
Leningrad Oblast,Gatchina
Ivanovo Oblast,Gavrilov Posad
Yaroslavl Oblast,Gavrilov-Yam
Orenburg Oblast,Gay
Pskov Oblast,Gdov
Krasnodar Krai,Gelendzhik
Stavropol Krai,Georgiyevsk
Udmurtia,Glazov
Moscow Oblast,Golitsyno
Nizhny Novgorod Oblast,Gorbatov
Altai Republic,Gorno-Altaysk
Perm Krai,Gornozavodsk
Altai Krai,Gornyak
Nizhny Novgorod Oblast,Gorodets
Penza Oblast,Gorodishche
Kalmykia,Gorodovikovsk
Vladimir Oblast,Gorokhovets
Krasnodar Krai,Goryachy Klyuch
Belgorod Oblast,Grayvoron
Perm Krai,Gremyachinsk
Chechen Republic,Grozny
Lipetsk Oblast,Gryazi
Vologda Oblast,Gryazovets
Perm Krai,Gubakha
Belgorod Oblast,Gubkin
Yamalo-Nenets Autonomous Okrug,Gubkinsky
Chechen Republic,Gudermes
Rostov Oblast,Gukovo
Krasnodar Krai,Gulkevichi
Kaliningrad Oblast,Guryevsk
Kemerovo Oblast,Guryevsk
Vladimir Oblast,Gus-Khrustalny
Kaliningrad Oblast,Gusev
Republic of Buryatia,Gusinoozyorsk
Kaliningrad Oblast,Gvardeysk
Krasnoyarsk Krai,Igarka
Krasnoyarsk Krai,Ilansky
Republic of Tatarstan,Innopolis
Republic of Mordovia,Insar
Komi Republic,Inta
Ulyanovsk Oblast,Inza
Stavropol Krai,Ipatovo
Sverdlovsk Oblast,Irbit
Irkutsk Oblast,Irkutsk
Tyumen Oblast,Ishim
Republic of Bashkortostan,Ishimbay
Omsk Oblast,Isilkul
Novosibirsk Oblast,Iskitim
Moscow Oblast,Istra
Leningrad Oblast,Ivangorod
Ivanovo Oblast,Ivanovo
Moscow Oblast,Ivanteyevka
Sverdlovsk Oblast,Ivdel
Dagestan,Izberbash
Udmurtia,Izhevsk
Stavropol Krai,Izobilny
Sverdlovsk Oblast,Kachkanar
Vologda Oblast,Kadnikov
Voronezh Oblast,Kalach
Volgograd Oblast,Kalach-na-Donu
Omsk Oblast,Kalachinsk
Kaliningrad Oblast,Kaliningrad
Saratov Oblast,Kalininsk
Kemerovo Oblast,Kaltan
Kaluga Oblast,Kaluga
Tver Oblast,Kalyazin
Udmurtia,Kambarka
Penza Oblast,Kamenka
Altai Krai,Kamen-na-Obi
Leningrad Oblast,Kamennogorsk
Rostov Oblast,Kamensk-Shakhtinsky
Sverdlovsk Oblast,Kamensk-Uralsky
Vladimir Oblast,Kameshkovo
Volgograd Oblast,Kamyshin
Sverdlovsk Oblast,Kamyshlov
Astrakhan Oblast,Kamyzyak
Chuvash Republic,Kanash
Murmansk Oblast,Kandalaksha
Krasnoyarsk Krai,Kansk
Vladimir Oblast,Karabanovo
Chelyabinsk Oblast,Karabash
Ingushetia,Karabulak
Karachay-Cherkessia,Karachayevsk
Bryansk Oblast,Karachev
Novosibirsk Oblast,Karasuk
Novosibirsk Oblast,Kargat
Arkhangelsk Oblast,Kargopol
Sverdlovsk Oblast,Karpinsk
Chelyabinsk Oblast,Kartaly
Tver Oblast,Kashin
Moscow Oblast,Kashira
Ryazan Oblast,Kasimov
Chelyabinsk Oblast,Kasli
Dagestan,Kaspiysk
Chelyabinsk Oblast,Katav-Ivanovsk
Kurgan Oblast,Kataysk
Republic of Tatarstan,Kazan
Tomsk Oblast,Kedrovy
Karelia,Kem
Kemerovo Oblast,Kemerovo
Khabarovsk Krai,Khabarovsk
Krasnodar Krai,Khadyzhensk
Khanty-Mansi Autonomous Okrug,Khanty-Mansiysk
Astrakhan Oblast,Kharabali
Vologda Oblast,Kharovsk
Dagestan,Khasavyurt
Zabaykalsky Krai,Khilok
Moscow Oblast,Khimki
Novgorod Oblast,Kholm
Sakhalin Oblast,Kholmsk
Moscow Oblast,Khotkovo
Saratov Oblast,Khvalynsk
Tula Oblast,Kimovsk
Tver Oblast,Kimry
Samara Oblast,Kinel
Ivanovo Oblast,Kineshma
Leningrad Oblast,Kingisepp
Irkutsk Oblast,Kirensk
Tula Oblast,Kireyevsk
Vologda Oblast,Kirillov
Leningrad Oblast,Kirishi
Kaluga Oblast,Kirov
Kirov Oblast,Kirov
Sverdlovsk Oblast,Kirovgrad
Kirov Oblast,Kirovo-Chepetsk
Leningrad Oblast,Kirovsk
Murmansk Oblast,Kirovsk
Kirov Oblast,Kirs
Tambov Oblast,Kirsanov
Vladimir Oblast,Kirzhach
Kemerovo Oblast,Kiselyovsk
Stavropol Krai,Kislovodsk
Perm Krai,Kizel
Dagestan,Kizilyurt
Dagestan,Kizlyar
Moscow Oblast,Klimovsk
Moscow Oblast,Klin
Bryansk Oblast,Klintsy
Nizhny Novgorod Oblast,Knyaginino
Krasnoyarsk Krai,Kodinsk
Khanty-Mansi Autonomous Okrug,Kogalym
Ivanovo Oblast,Kokhma
Murmansk Oblast,Kola
Vladimir Oblast,Kolchugino
Kostroma Oblast,Kologriv
Moscow Oblast,Kolomna
Tomsk Oblast,Kolpashevo
Saint Petersburg,Kolpino
Leningrad Oblast,Kommunar
Ivanovo Oblast,Komsomolsk
Khabarovsk Krai,Komsomolsk-on-Amur
Tver Oblast,Konakovo
Karelia,Kondopoga
Kaluga Oblast,Kondrovo
Rostov Oblast,Konstantinovsk
Chelyabinsk Oblast,Kopeysk
Ryazan Oblast,Korablino
Krasnodar Krai,Korenovsk
Chelyabinsk Oblast,Korkino
Belgorod Oblast,Korocha
Moscow Oblast,Korolyov
Sakhalin Oblast,Korsakov
Arkhangelsk Oblast,Koryazhma
Vladimir Oblast,Kosteryovo
Karelia,Kostomuksha
Kostroma Oblast,Kostroma
Kirov Oblast,Kotelnich
Moscow Oblast,Kotelniki
Volgograd Oblast,Kotelnikovo
Arkhangelsk Oblast,Kotlas
Volgograd Oblast,Kotovo
Tambov Oblast,Kotovsk
Murmansk Oblast,Kovdor
Vladimir Oblast,Kovrov
Republic of Mordovia,Kovylkino
Kaluga Oblast,Kozelsk
Chuvash Republic,Kozlovka
Mari El,Kozmodemyansk
Vologda Oblast,Krasavino
Moscow Oblast,Krasnoarmeysk
Saratov Oblast,Krasnoarmeysk
Krasnodar Krai,Krasnodar
Moscow Oblast,Krasnogorsk
Zabaykalsky Krai,Krasnokamensk
Perm Krai,Krasnokamsk
Volgograd Oblast,Krasnoslobodsk
Republic of Mordovia,Krasnoslobodsk
Sverdlovsk Oblast,Krasnoturyinsk
Sverdlovsk Oblast,Krasnoufimsk
Sverdlovsk Oblast,Krasnouralsk
Perm Krai,Krasnovishersk
Krasnoyarsk Krai,Krasnoyarsk
Saint Petersburg,Krasnoye Selo
Moscow Oblast,Krasnozavodsk
Kaliningrad Oblast,Krasnoznamensk
Moscow Oblast,Krasnoznamensk
Tver Oblast,Krasny Kholm
Saratov Oblast,Krasny Kut
Rostov Oblast,Krasny Sulin
Kaluga Oblast,Kremyonki
Saint Petersburg,Kronstadt
Krasnodar Krai,Kropotkin
Krasnodar Krai,Krymsk
Nizhny Novgorod Oblast,Kstovo
Moscow Oblast,Kubinka
Perm Krai,Kudymkar
Nizhny Novgorod Oblast,Kulebaki
Republic of Bashkortostan,Kumertau
Perm Krai,Kungur
Novosibirsk Oblast,Kupino
Kursk Oblast,Kurchatov
Kurgan Oblast,Kurgan
Krasnodar Krai,Kurganinsk
Sakhalin Oblast,Kurilsk
Vladimir Oblast,Kurlovo
Moscow Oblast,Kurovskoye
Kursk Oblast,Kursk
Kurgan Oblast,Kurtamysh
Chelyabinsk Oblast,Kusa
Sverdlovsk Oblast,Kushva
Orenburg Oblast,Kuvandyk
Tver Oblast,Kuvshinovo
Novosibirsk Oblast,Kuybyshev
Penza Oblast,Kuznetsk
Republic of Buryatia,Kyakhta
Chelyabinsk Oblast,Kyshtym
Tuva Republic,Kyzyl
Krasnodar Krai,Labinsk
Yamalo-Nenets Autonomous Okrug,Labytnangi
Kaliningrad Oblast,Ladushkin
Kalmykia,Lagan
Republic of Tatarstan,Laishevo
Karelia,Lakhdenpokhya
Vladimir Oblast,Lakinsk
Khanty-Mansi Autonomous Okrug,Langepas
Lipetsk Oblast,Lebedyan
Republic of Tatarstan,Leninogorsk
Volgograd Oblast,Leninsk
Kemerovo Oblast,Leninsk-Kuznetsky
Sakha Republic,Lensk
Stavropol Krai,Lermontov
Sverdlovsk Oblast,Lesnoy
Krasnoyarsk Krai,Lesosibirsk
Primorsky Krai,Lesozavodsk
Kursk Oblast,Lgov
Tver Oblast,Likhoslavl
Moscow Oblast,Likino-Dulyovo
Lipetsk Oblast,Lipetsk
Tula Oblast,Lipki
Voronezh Oblast,Liski
Oryol Oblast,Livny
Moscow Oblast,Lobnya
Leningrad Oblast,Lodeynoye Pole
Saint Petersburg,Lomonosov
Moscow Oblast,Losino-Petrovsky
Leningrad Oblast,Luga
Moscow Oblast,Lukhovitsy
Nizhny Novgorod Oblast,Lukoyanov
Kirov Oblast,Luza
Khanty-Mansi Autonomous Okrug,Lyantor
Nizhny Novgorod Oblast,Lyskovo
Perm Krai,Lysva
Moscow Oblast,Lytkarino
Leningrad Oblast,Lyuban
Moscow Oblast,Lyubertsy
Yaroslavl Oblast,Lyubim
Kaluga Oblast,Lyudinovo
Magadan Oblast,Magadan
Ingushetia,Magas
Chelyabinsk Oblast,Magnitogorsk
Sakhalin Oblast,Makarov
Kostroma Oblast,Makaryev
Dagestan,Makhachkala
Kurgan Oblast,Makushino
Novgorod Oblast,Malaya Vishera
Ingushetia,Malgobek
Kirov Oblast,Malmyzh
Oryol Oblast,Maloarkhangelsk
Kaluga Oblast,Maloyaroslavets
Republic of Tatarstan,Mamadysh
Kaliningrad Oblast,Mamonovo
Kostroma Oblast,Manturovo
Kemerovo Oblast,Mariinsk
Chuvash Republic,Mariinsky Posad
Saratov Oblast,Marks
Republic of Adygea,Maykop
Kabardino-Balkar Republic,Maysky
Orenburg Oblast,Mednogorsk
Karelia,Medvezhyegorsk
Kaluga Oblast,Medyn
Khanty-Mansi Autonomous Okrug,Megion
Vladimir Oblast,Melenki
Republic of Bashkortostan,Meleuz
Republic of Tatarstan,Mendeleyevsk
Republic of Tatarstan,Menzelinsk
Kaluga Oblast,Meshchovsk
Arkhangelsk Oblast,Mezen
Kemerovo Oblast,Mezhdurechensk
Republic of Bashkortostan,Mezhgorye
Bryansk Oblast,Mglin
Chelyabinsk Oblast,Miass
Tambov Oblast,Michurinsk
Ryazan Oblast,Mikhaylov
Volgograd Oblast,Mikhaylovka
Sverdlovsk Oblast,Mikhaylovsk
Stavropol Krai,Mikhaylovsk
Komi Republic,Mikun
Rostov Oblast,Millerovo
Stavropol Krai,Mineralnye Vody
Krasnoyarsk Krai,Minusinsk
Chelyabinsk Oblast,Minyar
Arkhangelsk Oblast,Mirny
Sakha Republic,Mirny
Zabaykalsky Krai,Mogocha
Murmansk Oblast,Monchegorsk
Rostov Oblast,Morozovsk
Tambov Oblast,Morshansk
Kaluga Oblast,Mosalsk
Moscow,Moskovsky
Moscow,Moscow
Republic of North Ossetia–Alania,Mozdok
Moscow Oblast,Mozhaysk
Udmurtia,Mozhga
Oryol Oblast,Mtsensk
Kirov Oblast,Murashi
Yamalo-Nenets Autonomous Okrug,Muravlenko
Leningrad Oblast,Murino
Murmansk Oblast,Murmansk
Vladimir Oblast,Murom
Yaroslavl Oblast,Myshkin
Kemerovo Oblast,Myski
Moscow Oblast,Mytishchi
Republic of Tatarstan,Naberezhnye Chelny
Yamalo-Nenets Autonomous Okrug,Nadym
Primorsky Krai,Nakhodka
Kabardino-Balkar Republic,Nalchik
Astrakhan Oblast,Narimanov
Moscow Oblast,Naro-Fominsk
Kabardino-Balkar Republic,Nartkala
Nenets Autonomous Okrug,Naryan-Mar
Chukotka Autonomous Okrug,Naukan
Nizhny Novgorod Oblast,Navashino
Ivanovo Oblast,Navoloki
Krasnoyarsk Krai,Nazarovo
Ingushetia,Nazran
Omsk Oblast,Nazyvayevsk
Samara Oblast,"Neftegorsk, Samara Oblast"
Republic of Bashkortostan,Neftekamsk
Stavropol Krai,Neftekumsk
Khanty-Mansi Autonomous Okrug,Nefteyugansk
Tver Oblast,Nelidovo
Kaliningrad Oblast,Neman
Zabaykalsky Krai,Nerchinsk
Kostroma Oblast,Nerekhta
Sakha Republic,Neryungri
Kaliningrad Oblast,Nesterov
Pskov Oblast,Nevel
Sakhalin Oblast,Nevelsk
Stavropol Krai,Nevinnomyssk
Sverdlovsk Oblast,Nevyansk
Kostroma Oblast,Neya
Volgograd Oblast,Nikolayevsk
Khabarovsk Krai,Nikolayevsk-on-Amur
Vologda Oblast,Nikolsk
Penza Oblast,Nikolsk
Leningrad Oblast,Nikolskoye
Republic of Tatarstan,Nizhnekamsk
Irkutsk Oblast,Nizhneudinsk
Khanty-Mansi Autonomous Okrug,Nizhnevartovsk
Sverdlovsk Oblast,Nizhniye Sergi
Penza Oblast,Nizhny Lomov
Nizhny Novgorod Oblast,Nizhny Novgorod
Sverdlovsk Oblast,Nizhny Tagil
Sverdlovsk Oblast,Nizhnyaya Salda
Sverdlovsk Oblast,Nizhnyaya Tura
Moscow Oblast,Noginsk
Kirov Oblast,Nolinsk
Krasnoyarsk Krai,Norilsk
Leningrad Oblast,Novaya Ladoga
Sverdlovsk Oblast,Novaya Lyalya
Stavropol Krai,Novoalexandrovsk
Altai Krai,Novoaltaysk
Volgograd Oblast,Novoanninsky
Chuvash Republic,Novocheboksarsk
Rostov Oblast,Novocherkassk
Arkhangelsk Oblast,Novodvinsk
Voronezh Oblast,Novokhopyorsk
Krasnodar Krai,Novokubansk
Samara Oblast,Novokuybyshevsk
Kemerovo Oblast,Novokuznetsk
Ryazan Oblast,Novomichurinsk
Tula Oblast,Novomoskovsk
Stavropol Krai,Novopavlovsk
Krasnodar Krai,Novorossiysk
Pskov Oblast,Novorzhev
Rostov Oblast,Novoshakhtinsk
Novosibirsk Oblast,Novosibirsk
Oryol Oblast,Novosil
Pskov Oblast,Novosokolniki
Orenburg Oblast,Novotroitsk
Ulyanovsk Oblast,Novoulyanovsk
Sverdlovsk Oblast,Novouralsk
Saratov Oblast,Novouzensk
Voronezh Oblast,Novovoronezh
Bryansk Oblast,Novozybkov
Belgorod Oblast,Novy Oskol
Yamalo-Nenets Autonomous Okrug,Novy Urengoy
Yamalo-Nenets Autonomous Okrug,Noyabrsk
Republic of Tatarstan,Nurlat
Khanty-Mansi Autonomous Okrug,Nyagan
Arkhangelsk Oblast,Nyandoma
Chelyabinsk Oblast,Nyazepetrovsk
Perm Krai,Nytva
Sakha Republic,Nyurba
Novosibirsk Oblast,Ob
Jewish Autonomous Oblast,Obluchye
Kaluga Oblast,Obninsk
Kursk Oblast,Oboyan
Perm Krai,Ochyor
Moscow Oblast,Odintsovo
Sakhalin Oblast,Okha
Perm Krai,Okhansk
Samara Oblast,Oktyabrsk
Republic of Bashkortostan,Oktyabrsky
Novgorod Oblast,Okulovka
Murmansk Oblast,Olenegorsk
Karelia,Olonets
Sakha Republic,Olyokminsk
Omsk Oblast,Omsk
Kirov Oblast,Omutninsk
Arkhangelsk Oblast,Onega
Pskov Oblast,Opochka
Moscow Oblast,Orekhovo-Zuyevo
Oryol Oblast,Oryol
Orenburg Oblast,Orenburg
Kirov Oblast,Orlov
Orenburg Oblast,Orsk
Perm Krai,Osa
Kemerovo Oblast,Osinniki
Tver Oblast,Ostashkov
Voronezh Oblast,Ostrogozhsk
Pskov Oblast,Ostrov
Murmansk Oblast,Ostrovnoy
Leningrad Oblast,Otradnoye
Samara Oblast,Otradny
Kaliningrad Oblast,Ozyorsk
Chelyabinsk Oblast,Ozyorsk
Moscow Oblast,Ozherelye
Moscow Oblast,Ozyory
Volgograd Oblast,Pallasovka
Primorsky Krai,Partizansk
Nizhny Novgorod Oblast,Pavlovo
Voronezh Oblast,Pavlovsk
Saint Petersburg,Pavlovsk
Moscow Oblast,Pavlovsky Posad
Komi Republic,Pechora
Pskov Oblast,Pechory
Penza Oblast,Penza
Yaroslavl Oblast,Pereslavl-Zalessky
Moscow Oblast,Peresvet
Nizhny Novgorod Oblast,Perevoz
Perm Krai,Perm
Nizhny Novgorod Oblast,Pervomaysk
Sverdlovsk Oblast,Pervouralsk
Novgorod Oblast,Pestovo
Saint Petersburg,Petergof
Kamchatka Krai,Petropavlovsk-Kamchatsky
Volgograd Oblast,Petrov Val
Saratov Oblast,Petrovsk
Zabaykalsky Krai,Petrovsk-Zabaykalsky
Karelia,Petrozavodsk
Kurgan Oblast,Petukhovo
Vladimir Oblast,Petushki
Chukotka Autonomous Okrug,Pevek
Leningrad Oblast,Pikalyovo
Kaliningrad Oblast,Pionersky
Karelia,Pitkyaranta
Chelyabinsk Oblast,Plast
Tula Oblast,Plavsk
Ivanovo Oblast,Plyos
Bryansk Oblast,Pochep
Smolensk Oblast,Pochinok
Moscow Oblast,Podolsk
Leningrad Oblast,Podporozhye
Khanty-Mansi Autonomous Okrug,Pokachi
Samara Oblast,Pokhvistnevo
Vladimir Oblast,Pokrov
Sakha Republic,Pokrovsk
Kaliningrad Oblast,Polessk
Sverdlovsk Oblast,Polevskoy
Murmansk Oblast,Polyarny
Murmansk Oblast,Polyarnye Zori
Kemerovo Oblast,Polysayevo
Pskov Oblast,Porkhov
Sakhalin Oblast,Poronaysk
Yaroslavl Oblast,Poshekhonye
Voronezh Oblast,Povorino
Kaliningrad Oblast,Pravdinsk
Leningrad Oblast,Primorsk
Krasnodar Krai,Primorsko-Akhtarsk
Leningrad Oblast,Priozersk
Ivanovo Oblast,Privolzhsk
Kabardino-Balkar Republic,Prokhladny
Kemerovo Oblast,Prokopyevsk
Rostov Oblast,Proletarsk
Moscow Oblast,Protvino
Pskov Oblast,Pskov
Ivanovo Oblast,Puchezh
Karelia,Pudozh
Saratov Oblast,Pugachyov
Moscow Oblast,Pushchino
Saint Petersburg,Pushkin
Moscow Oblast,Pushkino
Pskov Oblast,Pustoshka
Stavropol Krai,Pyatigorsk
Pskov Oblast,Pytalovo
Khanty-Mansi Autonomous Okrug,Pyt-Yakh
Vladimir Oblast,Raduzhny
Khanty-Mansi Autonomous Okrug,Raduzhny
Moscow Oblast,Ramenskoye
Tambov Oblast,Rasskazovo
Amur Oblast,Raychikhinsk
Moscow Oblast,Reutov
Sverdlovsk Oblast,Revda
Sverdlovsk Oblast,Rezh
Ivanovo Oblast,Rodniki
Moscow Oblast,Roshal
Smolensk Oblast,Roslavl
Voronezh Oblast,Rossosh
Yaroslavl Oblast,Rostov
Rostov Oblast,Rostov-on-Don
Saratov Oblast,Rtishchevo
Altai Krai,Rubtsovsk
Smolensk Oblast,Rudnya
Moscow Oblast,Ruza
Republic of Mordovia,Ruzayevka
Ryazan Oblast,Ryazan
Ryazan Oblast,Ryazhsk
Yaroslavl Oblast,Rybinsk
Ryazan Oblast,Rybnoye
Kursk Oblast,Rylsk
Tver Oblast,Rzhev
Smolensk Oblast,Safonovo
Saint Petersburg,Saint Petersburg
Kemerovo Oblast,Salair
Republic of Bashkortostan,Salavat
Yamalo-Nenets Autonomous Okrug,Salekhard
Rostov Oblast,Salsk
Samara Oblast,Samara
Republic of Mordovia,Saransk
Udmurtia,Sarapul
Saratov Oblast,Saratov
Nizhny Novgorod Oblast,Sarov
Ryazan Oblast,Sasovo
Chelyabinsk Oblast,Satka
Republic of Khakassia,Sayanogorsk
Irkutsk Oblast,Sayansk
Pskov Oblast,Sebezh
Karelia,Segezha
Bryansk Oblast,Seltso
Rostov Oblast,Semikarakorsk
Voronezh Oblast,Semiluki
Nizhny Novgorod Oblast,Semyonov
Ulyanovsk Oblast,Sengiley
Volgograd Oblast,Serafimovich
Penza Oblast,Serdobsk
Nizhny Novgorod Oblast,Sergach
Moscow Oblast,Sergiyev Posad
Sverdlovsk Oblast,Serov
Moscow Oblast,Serpukhov
Leningrad Oblast,Sertolovo
Saint Petersburg,Sestroretsk
Republic of Buryatia,Severobaykalsk
Arkhangelsk Oblast,Severodvinsk
Sakhalin Oblast,Severo-Kurilsk
Murmansk Oblast,Severomorsk
Sverdlovsk Oblast,Severouralsk
Tomsk Oblast,Seversk
Bryansk Oblast,Sevsk
Kurgan Oblast,Shadrinsk
Tuva Republic,Shagonar
Sakhalin Oblast,Shakhtyorsk
Rostov Oblast,Shakhty
Nizhny Novgorod Oblast,Shakhunya
Chechen Republic,Shali
Kostroma Oblast,Sharya
Krasnoyarsk Krai,Sharypovo
Ryazan Oblast,Shatsk
Moscow Oblast,Shatura
Moscow Oblast,Shcherbinka
Kursk Oblast,Shchigry
Kurgan Oblast,Shchuchye
Tula Oblast,Shchyokino
Moscow Oblast,Shchyolkovo
Belgorod Oblast,Shebekino
Irkutsk Oblast,Shelekhov
Arkhangelsk Oblast,Shenkursk
Saratov Oblast,Shikhany
Zabaykalsky Krai,Shilka
Amur Oblast,Shimanovsk
Leningrad Oblast,Shlisselburg
Chuvash Republic,Shumerlya
Kurgan Oblast,Shumikha
Ivanovo Oblast,Shuya
Republic of Bashkortostan,Sibay
Chelyabinsk Oblast,Sim
Ryazan Oblast,Skopin
Amur Oblast,Skovorodino
Leningrad Oblast,Slantsy
Altai Krai,Slavgorod
Kaliningrad Oblast,Slavsk
Krasnodar Krai,Slavyansk-na-Kubani
Kirov Oblast,Slobodskoy
Irkutsk Oblast,Slyudyanka
Smolensk Oblast,Smolensk
Chelyabinsk Oblast,Snezhinsk
Murmansk Oblast,Snezhnogorsk
Vladimir Oblast,Sobinka
Krasnodar Krai,Sochi
Vologda Oblast,Sokol
Tula Oblast,Sokolniki
Kostroma Oblast,Soligalich
Perm Krai,Solikamsk
Orenburg Oblast,Sol-Iletsk
Moscow Oblast,Solnechnogorsk
Novgorod Oblast,Soltsy
Arkhangelsk Oblast,Solvychegodsk
Orenburg Oblast,Sorochinsk
Republic of Khakassia,Sorsk
Karelia,Sortavala
Kaluga Oblast,Sosensky
Komi Republic,Sosnogorsk
Kirov Oblast,Sosnovka
Krasnoyarsk Krai,Sosnovoborsk
Leningrad Oblast,Sosnovy Bor
Kaliningrad Oblast,Sovetsk
Kirov Oblast,Sovetsk
Tula Oblast,Sovetsk
Khabarovsk Krai,Sovetskaya Gavan
Khanty-Mansi Autonomous Okrug,Sovetsky
Kaluga Oblast,Spas-Demensk
Ryazan Oblast,Spas-Klepiki
Penza Oblast,Spassk
Primorsky Krai,Spassk-Dalny
Ryazan Oblast,Spassk-Ryazansky
Sakha Republic,Srednekolymsk
Sverdlovsk Oblast,Sredneuralsk
Zabaykalsky Krai,Sretensk
Moscow Oblast,Staraya Kupavna
Novgorod Oblast,Staraya Russa
Tver Oblast,Staritsa
Bryansk Oblast,Starodub
Belgorod Oblast,Stary Oskol
Stavropol Krai,Stavropol
Republic of Bashkortostan,Sterlitamak
Tomsk Oblast,Strezhevoy
Belgorod Oblast,Stroitel
Vladimir Oblast,Strunino
Moscow Oblast,Stupino
Vladimir Oblast,Sudogda
Kursk Oblast,Sudzha
Kaluga Oblast,Sukhinichi
Sverdlovsk Oblast,Sukhoy Log
Karelia,Suoyarvi
Bryansk Oblast,Surazh
Khanty-Mansi Autonomous Okrug,Surgut
Volgograd Oblast,Surovikino
Penza Oblast,Sursk
Magadan Oblast,Susuman
Tula Oblast,Suvorov
Vladimir Oblast,Suzdal
Kaliningrad Oblast,Svetlogorsk
Stavropol Krai,Svetlograd
Kaliningrad Oblast,Svetly
Leningrad Oblast,Svetogorsk
Irkutsk Oblast,Svirsk
Amur Oblast,Svobodny
Leningrad Oblast,Syasstroy
Smolensk Oblast,Sychyovka
Komi Republic,Syktyvkar
Sverdlovsk Oblast,Sysert
Samara Oblast,Syzran
Rostov Oblast,Taganrog
Moscow Oblast,Taldom
Sverdlovsk Oblast,Talitsa
Tambov Oblast,Tambov
Omsk Oblast,Tara
Yamalo-Nenets Autonomous Okrug,Tarko-Sale
Kaluga Oblast,Tarusa
Kemerovo Oblast,Tashtagol
Novosibirsk Oblast,Tatarsk
Sverdlovsk Oblast,Tavda
Kemerovo Oblast,Tayga
Irkutsk Oblast,Tayshet
Karachay-Cherkessia,Teberda
Republic of Mordovia,Temnikov
Krasnodar Krai,Temryuk
Kabardino-Balkar Republic,Terek
Republic of Tatarstan,Tetyushi
Ivanovo Oblast,Teykovo
Krasnodar Krai,Tikhoretsk
Leningrad Oblast,Tikhvin
Krasnodar Krai,Timashyovsk
Tyumen Oblast,Tobolsk
Novosibirsk Oblast,Toguchin
Samara Oblast,Tolyatti
Sakhalin Oblast,Tomari
Sakha Republic,Tommot
Tomsk Oblast,Tomsk
Kemerovo Oblast,Topki
Tver Oblast,Toropets
Tver Oblast,Torzhok
Leningrad Oblast,Tosno
Vologda Oblast,Totma
Moscow,Troitsk
Chelyabinsk Oblast,Troitsk
Bryansk Oblast,Trubchevsk
Chelyabinsk Oblast,Tryokhgorny
Rostov Oblast,Tsimlyansk
Chuvash Republic,Tsivilsk
Krasnodar Krai,Tuapse
Tula Oblast,Tula
Irkutsk Oblast,Tulun
Tuva Republic,Turan
Sverdlovsk Oblast,Turinsk
Yaroslavl Oblast,Tutayev
Republic of Bashkortostan,Tuymazy
Tver Oblast,Tver
Amur Oblast,Tynda
Kabardino-Balkar Republic,Tyrnyauz
Omsk Oblast,Tyukalinsk
Tyumen Oblast,Tyumen
Republic of Bashkortostan,Uchaly
Sakha Republic,Udachny
Tver Oblast,Udomlya
Republic of Bashkortostan,Ufa
Sakhalin Oblast,Uglegorsk
Yaroslavl Oblast,Uglich
Komi Republic,Ukhta
Republic of Buryatia,Ulan-Ude
Ulyanovsk Oblast,Ulyanovsk
Bryansk Oblast,Unecha
Khanty-Mansi Autonomous Okrug,Uray
Nizhny Novgorod Oblast,Uren
Chechen Republic,Urus-Martan
Volgograd Oblast,Uryupinsk
Kirov Oblast,Urzhum
Komi Republic,Usinsk
Lipetsk Oblast,Usman
Perm Krai,Usolye
Irkutsk Oblast,Usolye-Sibirskoye
Primorsky Krai,Ussuriysk
Karachay-Cherkessia,Ust-Dzheguta
Irkutsk Oblast,Ust-Ilimsk
Chelyabinsk Oblast,Ust-Katav
Irkutsk Oblast,Ust-Kut
Krasnodar Krai,Ust-Labinsk
Vologda Oblast,Ustyuzhna
Tambov Oblast,Uvarovo
Krasnoyarsk Krai,Uyar
Krasnoyarsk Krai,Uzhur
Tula Oblast,Uzlovaya
Novgorod Oblast,Valday
Belgorod Oblast,Valuyki
Pskov Oblast,Velikiye Luki
Novgorod Oblast,Veliky Novgorod
Vologda Oblast,Veliky Ustyug
Smolensk Oblast,Velizh
Arkhangelsk Oblast,Velsk
Tula Oblast,Venyov
Perm Krai,Vereshchagino
Moscow Oblast,Vereya
Chelyabinsk Oblast,Verkhneuralsk
Sverdlovsk Oblast,Verkhny Tagil
Chelyabinsk Oblast,Verkhny Ufaley
Sverdlovsk Oblast,Verkhnyaya Pyshma
Sverdlovsk Oblast,Verkhnyaya Salda
Sverdlovsk Oblast,Verkhnyaya Tura
Sverdlovsk Oblast,Verkhoturye
Sakha Republic,Verkhoyansk
Tver Oblast,Vesyegonsk
Nizhny Novgorod Oblast,Vetluga
Ivanovo Oblast,Vichuga
Moscow Oblast,Vidnoye
Irkutsk Oblast,Vikhorevka
Kamchatka Krai,Vilyuchinsk
Sakha Republic,Vilyuysk
Republic of North Ossetia–Alania,Vladikavkaz
Vladimir Oblast,Vladimir
Primorsky Krai,Vladivostok
Sverdlovsk Oblast,Volchansk
Rostov Oblast,Volgodonsk
Volgograd Oblast,Volgograd
Kostroma Oblast,Volgorechensk
Leningrad Oblast,Volkhov
Nizhny Novgorod Oblast,Volodarsk
Vologda Oblast,Vologda
Moscow Oblast,Volokolamsk
Leningrad Oblast,Volosovo
Saratov Oblast,Volsk
Mari El,Volzhsk
Volgograd Oblast,Volzhsky
Komi Republic,Vorkuta
Voronezh Oblast,Voronezh
Nizhny Novgorod Oblast,Vorsma
Moscow Oblast,Voskresensk
Udmurtia,Votkinsk
Leningrad Oblast,Vsevolozhsk
Komi Republic,Vuktyl
Kirov Oblast,Vyatskiye Polyany
Khabarovsk Krai,Vyazemsky
Smolensk Oblast,Vyazma
Vladimir Oblast,Vyazniki
Leningrad Oblast,Vyborg
Nizhny Novgorod Oblast,Vyksa
Tver Oblast,Vyshny Volochyok
Moscow Oblast,Vysokovsk
Leningrad Oblast,Vysotsk
Vologda Oblast,Vytegra
Chuvash Republic,Yadrin
Moscow Oblast,Yakhroma
Sakha Republic,Yakutsk
Tyumen Oblast,Yalutorovsk
Republic of Bashkortostan,Yanaul
Kirov Oblast,Yaransk
Yaroslavl Oblast,Yaroslavl
Altai Krai,Yarovoye
Smolensk Oblast,Yartsevo
Tula Oblast,Yasnogorsk
Orenburg Oblast,Yasny
Tula Oblast,Yefremov
Moscow Oblast,Yegoryevsk
Sverdlovsk Oblast,Yekaterinburg
Republic of Tatarstan,Yelabuga
Lipetsk Oblast,Yelets
Kamchatka Krai,Yelizovo
Smolensk Oblast,Yelnya
Chelyabinsk Oblast,Yemanzhelinsk
Komi Republic,Yemva
Krasnoyarsk Krai,Yeniseysk
Kaluga Oblast,Yermolino
Saratov Oblast,Yershov
Stavropol Krai,Yessentuki
Krasnodar Krai,Yeysk
Mari El,Yoshkar-Ola
Moscow Oblast,Yubileyny
Khanty-Mansi Autonomous Okrug,Yugorsk
Kaluga Oblast,Yukhnov
Kemerovo Oblast,Yurga
Ivanovo Oblast,Yuryevets
Vladimir Oblast,Yuryev-Polsky
Chelyabinsk Oblast,Yuryuzan
Ivanovo Oblast,Yuzha
Sakhalin Oblast,Yuzhno-Sakhalinsk
Dagestan,Yuzhno-Sukhokumsk
Chelyabinsk Oblast,Yuzhnouralsk
Lipetsk Oblast,Zadonsk
Republic of Tatarstan,Zainsk
Republic of Buryatia,Zakamensk
Krasnoyarsk Krai,Zaozyorny
Murmansk Oblast,Zaozyorsk
Tver Oblast,Zapadnaya Dvina
Murmansk Oblast,Zapolyarny
Moscow Oblast,Zaraysk
Penza Oblast,Zarechny
Sverdlovsk Oblast,Zarechny
Altai Krai,Zarinsk
Amur Oblast,Zavitinsk
Tyumen Oblast,Zavodoukovsk
Ivanovo Oblast,Zavolzhsk
Nizhny Novgorod Oblast,Zavolzhye
Republic of Tatarstan,Zelenodolsk
Krasnoyarsk Krai,Zelenogorsk
Saint Petersburg,Zelenogorsk
Moscow,Zelenograd
Kaliningrad Oblast,Zelenogradsk
Stavropol Krai,Zelenokumsk
Rostov Oblast,Zernograd
Amur Oblast,Zeya
Moscow Oblast,Zheleznodorozhny
Krasnoyarsk Krai,Zheleznogorsk
Kursk Oblast,Zheleznogorsk
Irkutsk Oblast,Zheleznogorsk-Ilimsky
Stavropol Krai,Zheleznovodsk
Tambov Oblast,Zherdevka
Samara Oblast,Zhigulyovsk
Volgograd Oblast,Zhirnovsk
Kaluga Oblast,Zhizdra
Kaluga Oblast,Zhukov
Bryansk Oblast,Zhukovka
Moscow Oblast,Zhukovsky
Irkutsk Oblast,Zima
Chelyabinsk Oblast,Zlatoust
Bryansk Oblast,Zlynka
Altai Krai,Zmeinogorsk
Astrakhan Oblast,Znamensk
Tver Oblast,Zubtsov
Kirov Oblast,Zuyevka
Moscow Oblast,Zvenigorod
Mari El,Zvenigovo
Rostov Oblast,Zverevo
